Mary,1776210
Jennifer,1400040
Elizabeth,1145200
Linda,1103090
Patricia,1064370
Jessica,1020590
Susan,893327
Sarah,889481
Lisa,888066
Barbara,856479
Ashley,839385
Karen,818847
Emily,805205
Kimberly,794702
Michelle,767408
Amanda,748634
Melissa,720409
Stephanie,702135
Sandra,674142
Nancy,663124
Rebecca,653142
Amy,642491
Deborah,621146
Laura,614736
Angela,611149
Donna,610741
Cynthia,604505
Samantha,577085
Nicole,575156
Sharon,556972
Emma,546502
Carol,541685
Kathleen,520145
Olivia,515589
Rachel,507578
Brenda,504962
Heather,504318
Pamela,502575
Margaret,496950
Katherine,482878
Debra,469699
Christine,467826
Maria,462924
Lauren,462282
Victoria,460316
Julie,457535
Kelly,448087
Christina,444306
Anna,440146
Hannah,433384
Megan,429498
Andrea,413485
Madison,406409
Diane,403424
Abigail,396621
Sophia,393888
Catherine,386897
Isabella,384699
Janet,375078
Carolyn,370875
Cheryl,367800
Amber,363073
Danielle,360201
Sara,353663
Brittany,353219
Betty,352226
Natalie,348693
Teresa,346196
Jacqueline,342031
Kayla,339541
Alexis,337987
Denise,329028
Tiffany,328568
Shirley,325167
Taylor,324357
Kathryn,319390
Ava,318822
Crystal,315383
Julia,312284
Lori,310365
Diana,310126
Alyssa,308835
Allison,305519
Grace,305408
Erin,305146
Tammy,304638
Evelyn,303028
Judith,302252
Charlotte,300941
Joyce,291362
Mia,284187
Shannon,281972
Janice,281407
Kathy,281165
Judy,272721
Theresa,271781
Dorothy,270163
Ann,265200
Tina,263582
Robin,259226
Dawn,259188
Brianna,258574
Jamie,256919
Courtney,251936
Jasmine,251840
Vanessa,249776
Melanie,244195
Leslie,243697
Valerie,239852
Gloria,239574
Martha,239103
Virginia,238742
Wendy,237932
Alexandra,237219
Joan,237169
Chloe,235858
Tracy,233024
Monica,229716
April,229648
Cindy,229572
Ruth,228738
Beverly,228706
Paula,226960
Leah,226378
Erica,224202
Helen,221449
Morgan,218529
Amelia,218367
Ella,215819
Alicia,213724
Alice,212748
Bonnie,212179
Marilyn,211849
Jane,211170
Kristen,210734
Audrey,206707
Lillian,200951
Connie,200681
Michele,199760
Rose,198921
Katie,195588
Sheila,194151
Sherry,193166
Brooke,192819
Anne,192545
Caroline,191770
Holly,191002
Jean,190134
Jill,185488
Marie,184561
Veronica,184448
Rhonda,184395
Frances,184008
Savannah,182073
Peggy,178804
Dana,177474
Hailey,174601
Sydney,172210
Suzanne,172100
Kristin,170967
Tara,168001
Sofia,167093
Carrie,166225
Wanda,164389
Kaitlyn,163876
Lily,163807
Debbie,163448
Renee,163447
Claire,163442
Cassandra,162761
Kim,159595
Chelsea,159288
Molly,158005
Avery,157540
Haley,156422
Ellen,154897
Stacy,154521
Lindsey,153741
Madeline,153470
Ruby,152324
Elaine,152074
Lynn,149326
Destiny,148899
Gail,148004
Zoe,147619
Kelsey,147239
Darlene,147015
Phyllis,146670
Laurie,145879
Rita,145714
Jenna,145050
Cathy,143689
Paige,142221
Anita,141843
Gina,141688
Addison,141583
Joanne,140334
Stacey,139309
Shelby,139159
Regina,138999
Heidi,138941
Autumn,137984
Mackenzie,136988
Kaylee,136525
Sabrina,136088
Doris,136077
Lydia,135084
Eva,134856
Colleen,134794
Gabrielle,134664
Beth,134649
Faith,134190
Sylvia,133416
Jordan,132711
Carla,132278
Eleanor,131856
Katelyn,131824
Riley,131817
Kristina,131059
Gabriella,130868
Naomi,129557
Alexa,129367
Terri,129084
Aubrey,127395
Lindsay,126780
Vicki,126026
Lucy,125527
Harper,124149
Annette,124011
Vivian,123266
Sally,123074
Melinda,122631
Nora,121631
Tamara,121470
Erika,121280
Brooklyn,119455
Marissa,118407
Jo,118107
Deanna,117910
Kylie,117599
Layla,117582
Josephine,115495
Norma,115426
Maya,114498
Ariana,114479
Annie,112895
Tonya,112614
Miranda,111426
Mariah,110800
Maureen,110270
Caitlin,110016
Alison,109882
Carmen,109257
Yvonne,109001
Tanya,108964
Camila,108867
Lois,108440
Jocelyn,108015
Eileen,107583
Zoey,107549
Bailey,106593
Joy,106378
Makayla,105929
Aaliyah,103807
Ana,103049
Brandy,102899
Stella,102584
Irene,102065
Melody,101723
Joann,101626
Clara,101088
Esther,101020
Alexandria,100768
Madelyn,100698
Claudia,100537
Arianna,100382
Isabel,100107
Angelina,99501
Scarlett,99029
Brandi,98751
Sierra,98238
Kara,98109
Hazel,97912
Charlene,97833
Gianna,97793
Joanna,97220
Bethany,97096
Jade,96553
Katrina,96219
Angel,96059
Roberta,95828
Lorraine,95506
Daisy,95094
Whitney,94972
Kendra,94771
Briana,94726
Natasha,94478
Meghan,94117
Nevaeh,93714
Jeanette,93521
Yolanda,93253
Marcia,92872
Rosa,92823
Violet,92619
Adriana,92411
Christy,92130
Vickie,91859
Penelope,91704
Sadie,91536
Sophie,91427
Priscilla,90738
Elena,90443
Rosemary,90347
Loretta,89984
Jeanne,89884
Angelica,89398
Ellie,89115
Juanita,89091
Sue,89036
Nina,87896
Kennedy,87182
Toni,87156
Gwendolyn,86621
Summer,85841
Genesis,85530
Marlene,85401
Penny,84664
Karla,84358
Bridget,84242
Peyton,84180
Hope,83709
Felicia,83175
Trinity,83038
Aria,82924
Skylar,82755
Gabriela,82655
Marsha,81981
Constance,81920
Louise,81890
Geraldine,81747
Jillian,81302
Misty,81131
Isabelle,81084
Breanna,81081
Jenny,80949
Brittney,80590
Desiree,80314
June,80172
Tracey,80081
Cecilia,79822
Georgia,79510
Glenda,78758
Natalia,78535
Terry,78393
Shelly,77431
Rachael,77070
Candace,76982
Kristine,76689
Aurora,76409
Casey,75791
Marjorie,75744
Ariel,75366
Monique,75271
Sherri,74965
Bianca,74790
Becky,74528
Jodi,74323
Bella,74001
Dolores,73880
Mila,73224
Krystal,73083
Miriam,72628
Serenity,72367
Rebekah,72317
Luna,72303
Dianne,71946
Kristi,71765
Cora,71419
Arlene,71344
Kelli,71183
Krista,70679
Meredith,70585
Jackie,70070
Valeria,69821
Kate,69302
Cheyenne,69228
Mildred,68941
Iris,68811
Jacquelyn,68206
Liliana,68112
Edith,67634
Kristy,67016
Sheryl,66274
Jada,66187
Carole,65887
Ivy,65686
Maggie,65669
Daniela,65593
Carly,64872
Elise,64694
Belinda,64492
Shelley,64439
Rylee,64183
Candice,64068
Gracie,64023
Camille,63957
Kendall,63759
Patsy,63190
Mckenzie,62998
Kay,62926
Reagan,62680
Alana,62467
Juliana,62145
Nichole,61666
Eliana,61008
Mya,60230
Sandy,60229
Jordyn,59851
Karina,59753
Lynda,59621
Jessie,59485
Adrienne,59257
Sonya,59143
Cassidy,58950
Abby,58936
Piper,58366
Robyn,58360
Sonia,58356
Payton,58029
Paisley,57917
Lucille,57279
Tabitha,56845
Kari,56528
Mallory,56519
Delores,56413
Kaitlin,56388
Yvette,56201
Edna,56055
Emilia,55498
Mikayla,55399
Alisha,55145
Delilah,55127
Bobbie,54924
Celeste,54911
Alma,54775
Selena,54697
Pauline,54587
Willow,54585
Genevieve,54510
Angie,54341
Guadalupe,54339
Sheri,54308
Valentina,53980
Kiara,53814
Roxanne,52997
Lilly,52941
Tessa,52908
Janelle,52597
Billie,52528
Callie,52099
Annabelle,52046
Allyson,51881
Michaela,51862
Lacey,51848
Alejandra,51800
Caitlyn,51788
Lena,51774
Kirsten,51208
Aimee,51196
Josie,50864
Hayley,50213
Jody,50181
Cara,49946
Cristina,49770
Dominique,49615
Beatrice,49499
Anastasia,49252
Kylee,49179
Julianna,49100
Gladys,49011
Traci,48955
Eliza,48861
Lynne,48505
Esmeralda,48504
Lana,48348
Jaime,48186
Kellie,48098
Leilani,48063
Giselle,47902
Jaclyn,47858
Vera,47832
Aubree,47816
Dianna,47402
Alaina,47199
Khloe,47110
Marisa,47097
Raquel,47060
Ashlyn,46989
Marianne,46986
Marian,46865
Quinn,46830
Adrianna,46794
Florence,46627
Lucia,46577
Athena,46210
Aliyah,46134
Isla,45712
Adeline,45623
Eden,45448
Vicky,45430
Brielle,45403
Ramona,45256
Alexia,44993
Jayla,44702
Kerry,44691
Marion,44567
Lila,44437
Gayle,44425
Nadia,44281
Lola,44273
Rosalie,44221
Antoinette,44159
Latoya,44138
Kinsley,44128
Jasmin,44081
Makenzie,43757
Thelma,43667
Shawna,43512
Jan,43467
Patty,43407
Kelley,43331
Lillie,43234
Jazmin,43069
Nova,43022
Margie,42896
Serena,42716
Gretchen,42711
Maryann,42687
Raven,42680
Ashlee,42656
London,42537
Janie,42524
Mckenna,42342
Delaney,42340
Elsie,42150
Christie,42125
Kyla,41993
Jana,41917
Mariana,41713
Hadley,41679
Carolina,41439
Elisa,41298
Reese,41280
Bernice,41075
Laila,41021
Alondra,40963
Shelia,40835
Johanna,40801
Lee,40761
Lyla,40691
Myra,40687
Meagan,40678
Noelle,40579
Alina,40471
Wilma,40236
Leticia,40165
Mindy,40045
Rochelle,40045
Ginger,40031
Amaya,39681
Leila,39408
Ethel,39367
Cassie,39301
Teri,39128
Dakota,38869
Elisabeth,38842
Bernadette,38800
Maxine,38784
Hanna,38775
Kira,38748
Laurel,38726
Trisha,38477
Yesenia,38475
Bertha,38063
Ebony,37959
Tricia,37807
Mercedes,37677
Nikki,37669
Jennie,37624
Alissa,37496
Madeleine,37455
Everly,37442
Jazmine,37418
Mandy,37288
Emery,37127
Leigh,37100
Darla,37094
Lynette,37026
Stacie,36990
Sasha,36990
Kyra,36959
Ida,36903
Brooklynn,36568
Paulette,36529
Clarissa,36526
Fatima,36414
Shari,36364
Daphne,36344
Betsy,36331
Ada,36251
Allie,36249
Patti,36189
Kristie,36095
Tori,36021
Ximena,35996
Doreen,35982
Marina,35630
Lora,35553
Stefanie,35406
Rosie,35271
Eloise,35216
Kimberley,35087
Kerri,35006
Sienna,34849
Britney,34710
Tami,34597
Dora,34580
Janis,34430
Tasha,34273
Tatiana,34219
Jeannette,34214
Ciara,34100
Faye,33877
Corinne,33634
Harmony,33537
Marla,33494
Kayleigh,33484
Nadine,33392
Alayna,33373
Marisol,33352
Alivia,33110
Ryleigh,32990
Diamond,32915
Sonja,32737
Alisa,32674
Tia,32642
Keira,32594
Kassandra,32579
Phoebe,32424
Irma,32416
Kasey,32392
Makenna,32384
Justine,32353
Tammie,32334
Juliet,32300
Mayra,32240
Daniella,32229
Fiona,32159
Cecelia,32143
Savanna,32115
Francesca,32043
Paris,32011
Lorena,31906
Willie,31889
Asia,31821
Rachelle,31712
Hayden,31694
Lesley,31691
Rosemarie,31676
Jolene,31652
Cheri,31605
Susie,31565
Charity,31499
Juliette,31465
Talia,31446
Ayla,31400
Mattie,31385
Ashleigh,31242
Christa,30999
Chelsey,30901
Marcella,30853
Marley,30726
Macy,30692
Charlie,30625
Keri,30609
Adalynn,30482
Cameron,30480
Tracie,30403
Shawn,30375
Leona,30338
Patrice,30289
Ronda,30286
Shayla,30205
Sherrie,30202
Margarita,30201
Katelynn,30182
Kali,30159
Norah,30105
Celia,29977
Janine,29955
Logan,29951
Trina,29856
Izabella,29788
Mona,29734
Raelynn,29683
Aniyah,29682
Emerson,29647
Haylee,29595
Malia,29403
Jeannie,29393
Camryn,29387
Harley,29285
Arielle,29282
Elaina,29260
Latasha,29184
Lea,29166
Geneva,28932
Angelique,28877
Heaven,28871
Presley,28847
Brenna,28629
Katharine,28617
Alyson,28608
Dina,28451
Tiana,28429
Shana,28388
Pam,28256
Adalyn,28164
Hillary,27946
Brynn,27943
Francine,27922
Lara,27839
Randi,27763
Carissa,27722
Pearl,27685
Parker,27662
Tania,27605
Julianne,27429
Teagan,27393
Cierra,27117
Leanne,27065
Shanna,27014
Hallie,27011
Lexi,26878
Lucinda,26763
Dena,26681
Kailey,26636
Mae,26586
Skyler,26574
Shauna,26570
Imani,26437
Bonita,26412
Ryan,26399
Sage,26366
Nellie,26198
Catalina,26150
Dixie,26089
Debora,26062
Helena,25948
Cherie,25673
Arya,25661
Joni,25657
Kiana,25608
Evangeline,25587
Candy,25510
Harriet,25347
Aileen,25284
Londyn,25269
Tatum,25253
Simone,25199
Julissa,25119
Ashlynn,25099
Viviana,25041
Lizbeth,25034
Taryn,24996
Lia,24978
Jodie,24855
Hattie,24768
Karin,24649
Aisha,24637
Kenya,24579
Luz,24568
Cathleen,24356
Ingrid,24317
Nia,24297
Alanna,24282
Staci,24271
Arabella,24247
Jenifer,24146
Janette,24118
Agnes,24093
Gwen,24070
Nyla,24001
Amara,23862
Eve,23819
Paola,23773
Chasity,23764
Raegan,23744
Elliana,23739
Antonia,23680
Camilla,23572
Kamryn,23558
Blanca,23518
Therese,23510
Maribel,23493
Olga,23390
Mollie,23328
Emilee,23304
Tiara,23297
Hilda,23271
Alessandra,23180
Maeve,23148
Colette,23086
Della,22936
Millie,22898
Hilary,22840
Eunice,22825
Skye,22779
Marguerite,22736
Larissa,22717
Leanna,22683
Bridgette,22658
Ericka,22565
Maddison,22530
Clare,22480
Bessie,22384
Viola,22368
Nayeli,22352
Emely,22304
Bobbi,22280
Leann,22267
Maritza,22242
Elsa,22184
Aspen,22159
Delia,22130
Danna,22106
Madilyn,22015
Cali,22012
India,21987
Minnie,21977
Olive,21952
Tamika,21901
Gemma,21865
Mara,21835
Rylie,21821
Cadence,21780
Sidney,21779
Audra,21769
Jayden,21722
Jayne,21601
Kaylie,21551
Sheena,21551
Lauryn,21548
Keisha,21391
Margo,21327
Adelyn,21293
Sarai,21264
Darcy,21260
Greta,21241
Deana,21198
Velma,21190
Finley,21170
Lilliana,21169
Noemi,21131
Kiera,21125
Amira,21080
Baylee,21046
Pat,20902
Yasmin,20829
Madalyn,20816
Latonya,20696
Jayda,20681
Angelia,20616
Kassidy,20569
Samara,20566
Sloane,20503
Maci,20476
Jami,20434
Kenzie,20377
Tonia,20360
Adelaide,20344
Emilie,20342
Gia,20138
Lilah,20127
Perla,20073
Mikaela,19986
Brianne,19974
Miracle,19974
Jeanine,19909
Trudy,19875
Susanne,19802
Chris,19792
Lyric,19758
Macie,19725
Sondra,19709
Elyse,19697
Rena,19660
Lorie,19656
Rowan,19653
Blair,19641
Karissa,19630
Devon,19609
Kyleigh,19597
Haven,19534
Brynlee,19489
Itzel,19477
Jewel,19462
Christi,19456
Mabel,19443
Michael,19350
Ainsley,19300
Amari,19257
Marcy,19253
Bryanna,19221
Dulce,19219
Flora,19197
Jeri,19189
Christian,19188
Ashton,19184
Johnnie,19180
Frankie,19106
Kelsie,19085
Amie,19064
Araceli,19047
Susana,19042
Journey,18999
Kinley,18940
Verna,18912
Ariella,18910
Annika,18862
Kaylin,18818
Kiley,18811
Tanisha,18743
Remi,18731
Anya,18718
Liana,18706
Tabatha,18676
Lacy,18641
Rene,18635
Myla,18633
Silvia,18599
Fernanda,18542
Vivienne,18510
Melina,18462
Chanel,18383
Alexus,18377
Precious,18371
Ember,18350
Rosalind,18302
Katy,18259
Maura,18239
Margot,18217
Justice,18215
Melisa,18161
Katlyn,18138
Emersyn,18122
Octavia,18104
Kamila,18037
Paulina,17917
Anahi,17908
Nathalie,17801
Elle,17799
Adele,17775
Latisha,17768
Zara,17694
Joselyn,17628
Madelynn,17530
Aniya,17506
Charlee,17501
Lorna,17495
Kaia,17472
Amiyah,17451
Janae,17431
Blake,17418
Lainey,17416
Deloris,17401
Everleigh,17340
Willa,17252
Estella,17245
Reyna,17216
Blakely,17162
Myrna,17131
Amina,17130
Lilian,17112
Abbey,17095
Kaydence,17083
Hollie,17077
Felicity,17069
Selina,17055
Devin,17050
Tyler,17029
Ladonna,16975
Alberta,16956
Thea,16899
Terrie,16889
Madisyn,16888
Rosalyn,16833
Annmarie,16831
Jeannine,16815
River,16726